{
  "halide": {
    "formation_energy": {
      "mae": 0.24485664069652557,
      "r2": 0.6851375102996826,
      "bias": -0.002402413170784712,
      "n": 123
    },
    "energy_above_hull": {
      "mae": 0.12300185859203339,
      "r2": 0.5465577840805054,
      "bias": 0.024188771843910217,
      "n": 123
    },
    "band_gap": {
      "mae": 0.9435185790061951,
      "r2": 0.003804445266723633,
      "bias": -0.017853206023573875,
      "n": 123
    }
  },
  "oxide": {
    "formation_energy": {
      "mae": 0.2434292733669281,
      "r2": 0.641407310962677,
      "bias": -0.09495165944099426,
      "n": 141
    },
    "energy_above_hull": {
      "mae": 0.12631076574325562,
      "r2": 0.18118441104888916,
      "bias": -0.04388641566038132,
      "n": 141
    },
    "band_gap": {
      "mae": 0.6516422033309937,
      "r2": 0.47290122509002686,
      "bias": 0.16486670076847076,
      "n": 141
    }
  },
  "sulfide": {
    "formation_energy": {
      "mae": 0.2408534735441208,
      "r2": 0.4004476070404053,
      "bias": 0.054723843932151794,
      "n": 91
    },
    "energy_above_hull": {
      "mae": 0.07978086173534393,
      "r2": 0.16095227003097534,
      "bias": 0.008866249583661556,
      "n": 91
    },
    "band_gap": {
      "mae": 0.8462043404579163,
      "r2": 0.340718150138855,
      "bias": 0.12049749493598938,
      "n": 91
    }
  }
}