{
  "metadata": {
    "analysis_timestamp": "2026-07-08T22:47:33.443436",
    "n_total": 54,
    "n_success": 54,
    "model_checkpoint": "checkpoints/best_model.pt",
    "git_commit": "9be788d"
  },
  "global_metrics": {
    "formation_energy": {
      "n": 54,
      "mae": 1.0677523330018046,
      "rmse": 1.2885634788234919,
      "median_ae": 0.8688564661542143,
      "r2": -0.3041801618889748,
      "pearson_r": 0.2495916953588499,
      "spearman_r": 0.26160707497850233,
      "bias": 0.33356390103166006,
      "within_1sigma_pct": 74.07407407407408,
      "within_2sigma_pct": 96.29629629629629,
      "max_error": 3.8615499599999996,
      "p25_error": 0.5769162118750004,
      "p75_error": 1.2686325322812495,
      "outlier_indices": [
        36,
        23,
        39,
        37,
        35
      ]
    },
    "energy_above_hull": {
      "n": 54,
      "mae": 0.497714769591352,
      "rmse": 0.7537166854863077,
      "median_ae": 0.29121838837500025,
      "r2": -4.595579014144043,
      "pearson_r": -0.1390742366479803,
      "spearman_r": -0.10955376446513768,
      "bias": 0.3435965241799763,
      "within_1sigma_pct": 74.07407407407408,
      "within_2sigma_pct": 96.29629629629629,
      "max_error": 3.4014,
      "p25_error": 0.11916453000000159,
      "p75_error": 0.7070470199999995,
      "outlier_indices": [
        45,
        47,
        36,
        23,
        43
      ]
    },
    "band_gap": {
      "n": 54,
      "mae": 1.8994941091577675,
      "rmse": 2.381387694081077,
      "median_ae": 1.5606,
      "r2": -0.18142539478733521,
      "pearson_r": 0.17153078408092223,
      "spearman_r": 0.18903945510649506,
      "bias": 0.15008366862001057,
      "within_1sigma_pct": 66.66666666666666,
      "within_2sigma_pct": 94.44444444444444,
      "max_error": 6.1047,
      "p25_error": 0.724075,
      "p75_error": 2.7662750000000003,
      "outlier_indices": [
        23,
        40,
        22,
        0,
        21
      ]
    }
  },
  "family_metrics": [
    {
      "family": "unknown",
      "n": 54,
      "metrics": {
        "formation_energy": {
          "n": 54,
          "mae": 1.0677523330018046,
          "rmse": 1.2885634788234919,
          "median_ae": 0.8688564661542143,
          "r2": -0.3041801618889748,
          "pearson_r": 0.2495916953588499,
          "spearman_r": 0.26160707497850233,
          "bias": 0.33356390103166006,
          "within_1sigma_pct": 74.07407407407408,
          "within_2sigma_pct": 96.29629629629629,
          "max_error": 3.8615499599999996,
          "p25_error": 0.5769162118750004,
          "p75_error": 1.2686325322812495,
          "outlier_indices": [
            36,
            23,
            39,
            37,
            35
          ]
        },
        "energy_above_hull": {
          "n": 54,
          "mae": 0.497714769591352,
          "rmse": 0.7537166854863077,
          "median_ae": 0.29121838837500025,
          "r2": -4.595579014144043,
          "pearson_r": -0.1390742366479803,
          "spearman_r": -0.10955376446513768,
          "bias": 0.3435965241799763,
          "within_1sigma_pct": 74.07407407407408,
          "within_2sigma_pct": 96.29629629629629,
          "max_error": 3.4014,
          "p25_error": 0.11916453000000159,
          "p75_error": 0.7070470199999995,
          "outlier_indices": [
            45,
            47,
            36,
            23,
            43
          ]
        },
        "band_gap": {
          "n": 54,
          "mae": 1.8994941091577675,
          "rmse": 2.381387694081077,
          "median_ae": 1.5606,
          "r2": -0.18142539478733521,
          "pearson_r": 0.17153078408092223,
          "spearman_r": 0.18903945510649506,
          "bias": 0.15008366862001057,
          "within_1sigma_pct": 66.66666666666666,
          "within_2sigma_pct": 94.44444444444444,
          "max_error": 6.1047,
          "p25_error": 0.724075,
          "p75_error": 2.7662750000000003,
          "outlier_indices": [
            23,
            40,
            22,
            0,
            21
          ]
        }
      }
    }
  ],
  "error_diagnostics": {
    "worst_10_errors": [
      {
        "material_id": "NiO_rocksalt",
        "formula": "NiO",
        "family": "unknown",
        "property": "band_gap",
        "reference": 0.0,
        "prediction": 6.1047,
        "error": 6.1047,
        "abs_error": 6.1047
      },
      {
        "material_id": "UO2_fluorite",
        "formula": "UO2",
        "family": "unknown",
        "property": "band_gap",
        "reference": 0.0,
        "prediction": 5.1613,
        "error": 5.1613,
        "abs_error": 5.1613
      },
      {
        "material_id": "CoO_rocksalt",
        "formula": "CoO",
        "family": "unknown",
        "property": "band_gap",
        "reference": 0.2197,
        "prediction": 5.1195,
        "error": 4.899800000000001,
        "abs_error": 4.899800000000001
      },
      {
        "material_id": "LiF_rocksalt",
        "formula": "LiF",
        "family": "unknown",
        "property": "band_gap",
        "reference": 7.5592999999999995,
        "prediction": 3.0796,
        "error": -4.479699999999999,
        "abs_error": 4.479699999999999
      },
      {
        "material_id": "FeO_rocksalt",
        "formula": "FeO",
        "family": "unknown",
        "property": "band_gap",
        "reference": 0.5488999999999997,
        "prediction": 4.8112,
        "error": 4.262300000000001,
        "abs_error": 4.262300000000001
      },
      {
        "material_id": "Si_zincblende",
        "formula": "Si",
        "family": "unknown",
        "property": "band_gap",
        "reference": 0.0,
        "prediction": 3.9223,
        "error": 3.9223,
        "abs_error": 3.9223
      },
      {
        "material_id": "SrF2_fluorite",
        "formula": "SrF2",
        "family": "unknown",
        "property": "formation_energy",
        "reference": -4.05854996,
        "prediction": -0.197,
        "error": 3.8615499599999996,
        "abs_error": 3.8615499599999996
      },
      {
        "material_id": "SrF2_fluorite",
        "formula": "SrF2",
        "family": "unknown",
        "property": "band_gap",
        "reference": 5.9375,
        "prediction": 2.0802,
        "error": -3.8573,
        "abs_error": 3.8573
      },
      {
        "material_id": "LiCl_rocksalt",
        "formula": "LiCl",
        "family": "unknown",
        "property": "band_gap",
        "reference": 6.646699999999999,
        "prediction": 3.194,
        "error": -3.452699999999999,
        "abs_error": 3.452699999999999
      },
      {
        "material_id": "Na2S_antifluorite",
        "formula": "Na2S",
        "family": "unknown",
        "property": "energy_above_hull",
        "reference": 0.0,
        "prediction": 3.4014,
        "error": 3.4014,
        "abs_error": 3.4014
      }
    ],
    "bias_by_property": {
      "formation_energy": {
        "mean_bias": 0.33356390103166017,
        "std_bias": 1.2446408971612015,
        "n": 54
      },
      "energy_above_hull": {
        "mean_bias": 0.34359652417997627,
        "std_bias": 0.6708429552077776,
        "n": 54
      },
      "band_gap": {
        "mean_bias": 0.15008366862001055,
        "std_bias": 2.3766535805485725,
        "n": 54
      }
    },
    "n_total_errors": 162
  }
}