{
  "formation_energy": 0.386862188577652,
  "energy_above_hull": 1.0086305141448975,
  "band_gap": 0.9725431203842163
}