{
  "internal_test": {
    "v1": {
      "ef_mae": 0.505,
      "eah_mae": 0.193,
      "bg_mae": 1.017,
      "n": 817
    },
    "nonnorm": {
      "ef_mae": 0.36,
      "eah_mae": 0.176,
      "bg_mae": 0.787,
      "n": 3635
    },
    "norm": {
      "ef_mae": 0.24,
      "eah_mae": 0.113,
      "bg_mae": 0.801,
      "n": 3635
    }
  },
  "benchmark_54materials": {
    "v1": {
      "n_success": 54,
      "ef_mean": -0.4564897760196968,
      "ef_std": 0.2615003921359436,
      "ef_mae_from_zero": 0.4576763227857925,
      "ef_rmse": 0.5260849462755661,
      "eah_mean": 1.1923014594174484,
      "eah_std": 1.3281974487505148,
      "eah_mae_from_zero": 1.1923014594174484,
      "eah_rmse": 1.7848504791708335,
      "eah_n_negative": 0,
      "bg_mean": 1.7839861970256876,
      "bg_std": 0.5632654612567288,
      "bg_mae_from_zero": 1.7839861970256876,
      "bg_rmse": 1.8707952135450132
    },
    "nonnorm": {
      "n_success": 54,
      "ef_mean": -0.018916959339683806,
      "ef_std": 0.8488221942943289,
      "ef_mae_from_zero": 0.7107104368818303,
      "ef_rmse": 0.84903296100758,
      "eah_mean": 0.35876164366814,
      "eah_std": 0.46845469515152455,
      "eah_mae_from_zero": 0.35876164366814,
      "eah_rmse": 0.5900506066236804,
      "eah_n_negative": 0,
      "bg_mean": 2.4449934850412385,
      "bg_std": 1.0418776181690788,
      "bg_mae_from_zero": 2.475245548757138,
      "bg_rmse": 2.6577249882438503
    },
    "norm": {
      "n_success": 54,
      "ef_mean": -1.6517107709236991,
      "ef_std": 0.8827507429316432,
      "ef_mae_from_zero": 1.6517107709236991,
      "ef_rmse": 1.8728046734594954,
      "eah_mean": 0.5841316369900575,
      "eah_std": 0.9178284844843974,
      "eah_mae_from_zero": 0.5855050178295013,
      "eah_rmse": 1.0879425059549837,
      "eah_n_negative": 2,
      "bg_mean": 3.121662704606326,
      "bg_std": 1.3627881120633718,
      "bg_mae_from_zero": 3.121662704606326,
      "bg_rmse": 3.4061663904911237
    },
    "v1_by_chemistry": {
      "halide": {
        "n": 23,
        "ef_mean": -0.4368608807740004,
        "ef_mean_abs": 0.4368608807740004,
        "eah_mean": 0.8399904422138048,
        "eah_mean_abs": 0.8399904422138048,
        "bg_mean": 1.7935292720794678,
        "bg_mean_abs": 1.7935292720794678
      },
      "oxide": {
        "n": 21,
        "ef_mean": -0.5059511489456608,
        "ef_mean_abs": 0.5059511489456608,
        "eah_mean": 1.3256009334365955,
        "eah_mean_abs": 1.3256009334365955,
        "bg_mean": 1.7059618617807115,
        "bg_mean_abs": 1.7059618617807115
      },
      "sulfide": {
        "n": 3,
        "ef_mean": -0.00010773167014122009,
        "ef_mean_abs": 0.021465573459863663,
        "eah_mean": 3.9339932716631925,
        "eah_mean_abs": 3.9339932716631925,
        "bg_mean": 1.596603552500407,
        "bg_mean_abs": 1.596603552500407
      },
      "semiconductor": {
        "n": 7,
        "ef_mean": -0.5681929034846169,
        "ef_mean_abs": 0.5681929034846169,
        "eah_mean": 0.7749856029238019,
        "eah_mean_abs": 0.7749856029238019,
        "bg_mean": 2.0670102323804582,
        "bg_mean_abs": 2.0670102323804582
      }
    },
    "nonnorm_by_chemistry": {
      "halide": {
        "n": 23,
        "ef_mean": 0.12497078918892404,
        "ef_mean_abs": 0.8622483423222667,
        "eah_mean": 0.3206556805449983,
        "eah_mean_abs": 0.3206556805449983,
        "bg_mean": 2.4477611550170444,
        "bg_mean_abs": 2.4477611550170444
      },
      "oxide": {
        "n": 21,
        "ef_mean": -0.2584609573795682,
        "ef_mean_abs": 0.6707146636077336,
        "eah_mean": 0.33358968297640484,
        "eah_mean_abs": 0.33358968297640484,
        "bg_mean": 2.294337661493392,
        "bg_mean_abs": 2.3721286824771335
      },
      "sulfide": {
        "n": 3,
        "ef_mean": 0.4628645082314809,
        "ef_mean_abs": 0.4628645082314809,
        "eah_mean": 0.16881608963012695,
        "eah_mean_abs": 0.16881608963012695,
        "bg_mean": 2.77486244837443,
        "bg_mean_abs": 2.77486244837443
      },
      "semiconductor": {
        "n": 7,
        "ef_mean": 0.020463232084044387,
        "ef_mean_abs": 0.4390071796785508,
        "eah_mean": 0.6408880705928165,
        "eah_mean_abs": 0.6408880705928165,
        "bg_mean": 2.746494770050049,
        "bg_mean_abs": 2.746494770050049
      }
    },
    "norm_by_chemistry": {
      "halide": {
        "n": 23,
        "ef_mean": -1.61619579747589,
        "ef_mean_abs": 1.61619579747589,
        "eah_mean": 0.6573692450733771,
        "eah_mean_abs": 0.6605937044355494,
        "bg_mean": 3.5262389372390697,
        "bg_mean_abs": 3.5262389372390697
      },
      "oxide": {
        "n": 21,
        "ef_mean": -2.0987077422328784,
        "ef_mean_abs": 2.0987077422328784,
        "eah_mean": 0.4560880771713037,
        "eah_mean_abs": 0.4560880771713037,
        "bg_mean": 2.9595520655885053,
        "bg_mean_abs": 2.9595520655885053
      },
      "sulfide": {
        "n": 3,
        "ef_mean": -0.2516201888473844,
        "ef_mean_abs": 0.2516201888473844,
        "eah_mean": 1.8558314449112725,
        "eah_mean_abs": 1.8558314449112725,
        "bg_mean": 2.061106426289003,
        "bg_mean_abs": 2.061106426289003
      },
      "semiconductor": {
        "n": 7,
        "ef_mean": -1.0274507335002379,
        "ef_mean_abs": 1.0274507335002379,
        "eah_mean": 0.18261025792060526,
        "eah_mean_abs": 0.18261025792060526,
        "bg_mean": 2.733196833716767,
        "bg_mean_abs": 2.733196833716767
      }
    },
    "cross_model_corr": {
      "ef_v1_vs_nonnorm": 0.4808,
      "eah_v1_vs_nonnorm": -0.0123,
      "bg_v1_vs_nonnorm": 0.7905,
      "ef_v1_vs_norm": 0.535,
      "eah_v1_vs_norm": 0.2344,
      "bg_v1_vs_norm": 0.5709,
      "ef_nonnorm_vs_norm": 0.6534,
      "eah_nonnorm_vs_norm": 0.0286,
      "bg_nonnorm_vs_norm": 0.5685
    }
  },
  "ensemble": {}
}