{
  "formation_energy": {
    "mean": -1.9621178923050804,
    "std": 0.9173794982824006,
    "min": -4.122976896547618,
    "max": 4.943236031901403
  },
  "energy_above_hull": {
    "mean": 0.1415672785477094,
    "std": 0.4217594746746637,
    "min": 0.0,
    "max": 7.607590178409076
  },
  "band_gap": {
    "mean": 1.2555807420540395,
    "std": 1.4458912067893068,
    "min": 0.0,
    "max": 8.758099999999999
  }
}