{
  "formation_energy": {
    "T": 0.8666772246360779,
    "ece_before": 0.006103305021921801,
    "ece_after": 0.14600389003753664,
    "nll_before": 1.576192855834961,
    "nll_after": 1.5190749168395996
  },
  "energy_above_hull": {
    "T": 0.9695398211479187,
    "ece_before": 0.16461888273557024,
    "ece_after": 0.2322233753071891,
    "nll_before": 1.200602412223816,
    "nll_after": 1.183484435081482
  },
  "band_gap": {
    "T": 1.1423921585083008,
    "ece_before": 0.20636025120814638,
    "ece_after": 0.2866218288739522,
    "nll_before": 2.634563446044922,
    "nll_after": 2.338562488555908
  }
}