{
  "formation_energy": {
    "mean": -1.93058692971297,
    "std": 1.22762455850519,
    "min": -4.374790095454557,
    "max": 1.5633502750000001
  },
  "energy_above_hull": {
    "mean": 0.21409948964965994,
    "std": 0.24918897364320006,
    "min": 0.0,
    "max": 1.8406923137083266
  },
  "band_gap": {
    "mean": 0.9948993056584516,
    "std": 1.5788051335726387,
    "min": 0.0,
    "max": 7.1307
  }
}