{
  "key_audit": {
    "status": "PASS",
    "n_checked": 3635,
    "n_mismatches": 0,
    "examples": [],
    "all_y_keys_present": false
  },
  "distribution": {
    "full": {
      "label": "full (3635)",
      "n_total": 3635,
      "n_missing": 0,
      "missing_frac": 0.0,
      "mean": 0.18403489851314225,
      "std": 0.3555974035760526,
      "zero_frac": 0.20385144429160934,
      "percentiles": {
        "min": 0.0,
        "p1": 0.0,
        "p5": 0.0,
        "p25": 0.0020780561994930835,
        "median": 0.06831562824999926,
        "p75": 0.19777850187499801,
        "p95": 0.7351619674090908,
        "p99": 1.8692375165974977,
        "max": 4.711805742500001
      },
      "skewness": 4.662431502537485
    },
    "train": {
      "label": "train (2814)",
      "n_total": 2814,
      "n_missing": 0,
      "missing_frac": 0.0,
      "mean": 0.1759320066806056,
      "std": 0.3472292369612524,
      "zero_frac": 0.21321961620469082,
      "percentiles": {
        "min": 0.0,
        "p1": 0.0,
        "p5": 0.0,
        "p25": 0.0009555634583322536,
        "median": 0.05504443458681374,
        "p75": 0.1755763548667586,
        "p95": 0.7321588309360145,
        "p99": 1.7441570859610622,
        "max": 4.711805742500001
      },
      "skewness": 4.606969031878086
    },
    "test": {
      "label": "test (566)",
      "n_total": 566,
      "n_missing": 0,
      "missing_frac": 0.0,
      "mean": 0.22059357484013187,
      "std": 0.36748041701522954,
      "zero_frac": 0.13604240282685512,
      "percentiles": {
        "min": 0.0,
        "p1": 0.0,
        "p5": 0.0,
        "p25": 0.05051355627777787,
        "median": 0.17186544833333173,
        "p75": 0.24095091277776692,
        "p95": 0.6388903129664414,
        "p99": 2.3685463837958154,
        "max": 3.1431239886111113
      },
      "skewness": 5.205938257319295
    },
    "train_vs_test_ks": {
      "ks_statistic": 0.35230962803348226,
      "ks_pvalue": 1.3299434568218746e-52,
      "likely_different_distributions": true,
      "train_mean": 0.1759320066806056,
      "test_mean": 0.22059357484013187
    },
    "correlations": {
      "formation_energy": {
        "pearson_r": 0.6040781896105293,
        "pearson_p": 0.0,
        "spearman_r": 0.46722988220005796,
        "spearman_p": 1.43016452168898e-196,
        "n": 3635
      },
      "band_gap": {
        "pearson_r": -0.3211151985782287,
        "pearson_p": 5.760167196285183e-88,
        "spearman_r": -0.4327490358273325,
        "spearman_p": 7.95764691048594e-166,
        "n": 3635
      },
      "density": {
        "pearson_r": -0.16756138974345794,
        "pearson_p": 2.6728914384682366e-24,
        "spearman_r": -0.15597630499178344,
        "spearman_p": 3.118817056070262e-21,
        "n": 3635
      },
      "volume": {
        "pearson_r": 0.09163338047071569,
        "pearson_p": 3.122759797575255e-08,
        "spearman_r": -0.16907603595340306,
        "spearman_p": 1.021338308435425e-24,
        "n": 3635
      },
      "num_atoms": {
        "pearson_r": -0.09526961030377182,
        "pearson_p": 8.663438137139543e-09,
        "spearman_r": -0.14239196770807092,
        "spearman_p": 6.354482741676969e-18,
        "n": 3635
      }
    }
  },
  "fold_analysis": {
    "fold_1": {
      "val_size": 727,
      "train_size": 2908,
      "top_val_prefixes": {
        "Te": 71,
        "Cs": 59,
        "K": 54,
        "Ba": 47,
        "Mg": 43
      }
    },
    "fold_2": {
      "val_size": 727,
      "train_size": 2908,
      "top_val_prefixes": {
        "Te": 71,
        "Cs": 59,
        "K": 54,
        "Ba": 47,
        "Mg": 43
      }
    },
    "fold_3": {
      "val_size": 727,
      "train_size": 2908,
      "top_val_prefixes": {
        "Te": 71,
        "Cs": 60,
        "K": 53,
        "Ba": 46,
        "Mg": 44
      }
    },
    "fold_4": {
      "val_size": 727,
      "train_size": 2908,
      "top_val_prefixes": {
        "Te": 72,
        "Cs": 60,
        "K": 53,
        "Ba": 46,
        "Mg": 44
      }
    },
    "fold_5": {
      "val_size": 727,
      "train_size": 2908,
      "top_val_prefixes": {
        "Te": 72,
        "Cs": 59,
        "K": 53,
        "Ba": 47,
        "Mg": 43
      }
    }
  }
}