{
  "per_fold": {
    "fold": [
      1,
      2,
      3,
      4,
      5
    ],
    "r2": [
      0.4685,
      0.2845,
      0.2556,
      0.3617,
      0.3068
    ],
    "mae": [
      0.1475,
      0.1507,
      0.143,
      0.1378,
      0.1577
    ],
    "n_val": [
      727,
      727,
      727,
      727,
      727
    ],
    "n_outliers_gt_1": [
      26,
      21,
      23,
      24,
      30
    ],
    "n_outliers_gt_2": [
      7,
      6,
      1,
      6,
      9
    ],
    "n_outliers_gt_3": [
      4,
      1,
      0,
      2,
      3
    ],
    "max_eah": [
      3.223,
      3.128,
      2.288,
      3.397,
      4.712
    ],
    "p99_eah": [
      1.965,
      1.897,
      1.408,
      1.9,
      2.216
    ],
    "mean_eah": [
      0.1933,
      0.1857,
      0.177,
      0.167,
      0.1972
    ]
  },
  "r2_variance": 0.005636821600000003,
  "r2_std": 0.07507876930264643,
  "mean_r2": 0.33541999999999994
}