{
  "sample_sizes": [
    100,
    250,
    500,
    817
  ],
  "n_trials": 3,
  "config": {
    "atom_feat_dim": 92,
    "edge_feat_dim": 64,
    "hidden_dim": 128,
    "num_alignn_layers": 2,
    "num_transformer_layers": 1,
    "num_attention_heads": 4,
    "dropout": 0.1,
    "mc_dropout_samples": 20,
    "use_pretrained_alignn": false,
    "tasks": [
      "formation_energy",
      "energy_above_hull",
      "band_gap"
    ]
  },
  "batch_size": 8,
  "max_epochs": 100,
  "patience": 20,
  "results": [
    {
      "n_samples": 100,
      "seed": 42,
      "n_train": 100,
      "n_test": 100,
      "n_epochs": 33,
      "time_s": 30.0,
      "best_val_loss": 1.562797,
      "metrics": {
        "formation_energy": {
          "mae": 0.5071998834609985,
          "rmse": 0.9248766443119624,
          "r2": -1.0830020904541016,
          "n": 100,
          "mae_phys": 0.3049285699367523,
          "rmse_phys": 0.5560358385603518
        },
        "energy_above_hull": {
          "mae": 0.16131067276000977,
          "rmse": 0.5205817250633565,
          "r2": -0.638404369354248,
          "n": 100,
          "mae_phys": 0.04979660468101501,
          "rmse_phys": 0.16070357852705816
        },
        "band_gap": {
          "mae": 1.2711524963378906,
          "rmse": 1.700761607612588,
          "r2": 0.048844337463378906,
          "n": 100,
          "mae_phys": 2.1509171390533446,
          "rmse_phys": 2.87785871624126
        }
      },
      "total_params": 713319
    },
    {
      "n_samples": 100,
      "seed": 43,
      "n_train": 100,
      "n_test": 100,
      "n_epochs": 61,
      "time_s": 49.1,
      "best_val_loss": 1.099267,
      "metrics": {
        "formation_energy": {
          "mae": 0.3102595806121826,
          "rmse": 0.4301200596792566,
          "r2": 0.4375280737876892,
          "n": 100,
          "mae_phys": 0.18652805986404417,
          "rmse_phys": 0.25858817987916904
        },
        "energy_above_hull": {
          "mae": 0.08586129546165466,
          "rmse": 0.14971111413970847,
          "r2": 0.20875316858291626,
          "n": 100,
          "mae_phys": 0.026505381909012794,
          "rmse_phys": 0.046215820934928
        },
        "band_gap": {
          "mae": 1.147361159324646,
          "rmse": 1.5073314156219912,
          "r2": 0.17154109477996826,
          "n": 100,
          "mae_phys": 1.9414498176932333,
          "rmse_phys": 2.550555488373971
        }
      },
      "total_params": 713319
    },
    {
      "n_samples": 100,
      "seed": 44,
      "n_train": 100,
      "n_test": 100,
      "n_epochs": 30,
      "time_s": 25.7,
      "best_val_loss": 1.58289,
      "metrics": {
        "formation_energy": {
          "mae": 0.5203359127044678,
          "rmse": 0.7499554938780377,
          "r2": 0.049327731132507324,
          "n": 100,
          "mae_phys": 0.312825950717926,
          "rmse_phys": 0.4508732429194762
        },
        "energy_above_hull": {
          "mae": 0.13113942742347717,
          "rmse": 0.5570244787374427,
          "r2": -0.020951509475708008,
          "n": 100,
          "mae_phys": 0.0404827412456274,
          "rmse_phys": 0.17195345658624853
        },
        "band_gap": {
          "mae": 1.1107505559921265,
          "rmse": 1.4716918377795547,
          "r2": 0.1728336215019226,
          "n": 100,
          "mae_phys": 1.879501015794277,
          "rmse_phys": 2.4902497587067844
        }
      },
      "total_params": 713319
    },
    {
      "n_samples": 250,
      "seed": 42,
      "n_train": 250,
      "n_test": 100,
      "n_epochs": 75,
      "time_s": 128.7,
      "best_val_loss": 1.071296,
      "metrics": {
        "formation_energy": {
          "mae": 0.365230530500412,
          "rmse": 0.478161521214913,
          "r2": 0.15444594621658325,
          "n": 100,
          "mae_phys": 0.21957659493684767,
          "rmse_phys": 0.2874707065544057
        },
        "energy_above_hull": {
          "mae": 0.11681710928678513,
          "rmse": 0.2740053547489101,
          "r2": -9.931334495544434,
          "n": 100,
          "mae_phys": 0.03606144163683057,
          "rmse_phys": 0.08458545301098853
        },
        "band_gap": {
          "mae": 1.301883578300476,
          "rmse": 1.5839872348444435,
          "r2": 0.06331068277359009,
          "n": 100,
          "mae_phys": 2.2029172028422357,
          "rmse_phys": 2.6802648000802827
        }
      },
      "total_params": 713319
    },
    {
      "n_samples": 250,
      "seed": 43,
      "n_train": 250,
      "n_test": 100,
      "n_epochs": 61,
      "time_s": 95.7,
      "best_val_loss": 0.798721,
      "metrics": {
        "formation_energy": {
          "mae": 0.3221229910850525,
          "rmse": 0.4105840178001949,
          "r2": 0.3099963068962097,
          "n": 100,
          "mae_phys": 0.19366034224033354,
          "rmse_phys": 0.24684311150147714
        },
        "energy_above_hull": {
          "mae": 0.05915876850485802,
          "rmse": 0.0826059853509703,
          "r2": -0.8265732526779175,
          "n": 100,
          "mae_phys": 0.01826231183744967,
          "rmse_phys": 0.02550046767784453
        },
        "band_gap": {
          "mae": 1.0241084098815918,
          "rmse": 1.3743303575677057,
          "r2": 0.1950719952583313,
          "n": 100,
          "mae_phys": 1.7328938403606413,
          "rmse_phys": 2.325504398040315
        }
      },
      "total_params": 713319
    },
    {
      "n_samples": 250,
      "seed": 44,
      "n_train": 250,
      "n_test": 100,
      "n_epochs": 86,
      "time_s": 140.8,
      "best_val_loss": 1.254006,
      "metrics": {
        "formation_energy": {
          "mae": 0.308314710855484,
          "rmse": 0.41222580625446076,
          "r2": 0.37900638580322266,
          "n": 100,
          "mae_phys": 0.18535880416631698,
          "rmse_phys": 0.2478301547201818
        },
        "energy_above_hull": {
          "mae": 0.06128096580505371,
          "rmse": 0.12901726912681738,
          "r2": -0.10254919528961182,
          "n": 100,
          "mae_phys": 0.018917434144020077,
          "rmse_phys": 0.039827630979448525
        },
        "band_gap": {
          "mae": 1.2982585430145264,
          "rmse": 1.6631477958209302,
          "r2": 0.16948741674423218,
          "n": 100,
          "mae_phys": 2.19678328063488,
          "rmse_phys": 2.814212385308596
        }
      },
      "total_params": 713319
    },
    {
      "n_samples": 500,
      "seed": 42,
      "n_train": 500,
      "n_test": 100,
      "n_epochs": 100,
      "time_s": 304.1,
      "best_val_loss": 0.72343,
      "metrics": {
        "formation_energy": {
          "mae": 0.2960189878940582,
          "rmse": 0.3972841286640091,
          "r2": 0.46006274223327637,
          "n": 100,
          "mae_phys": 0.1779666155219078,
          "rmse_phys": 0.23884721815280224
        },
        "energy_above_hull": {
          "mae": 0.07471024245023727,
          "rmse": 0.12234183821518134,
          "r2": -0.00039899349212646484,
          "n": 100,
          "mae_phys": 0.023063051844388244,
          "rmse_phys": 0.03776692545702648
        },
        "band_gap": {
          "mae": 0.9551843404769897,
          "rmse": 1.337820499559316,
          "r2": 0.36493074893951416,
          "n": 100,
          "mae_phys": 1.6162674225211142,
          "rmse_phys": 2.2637260673043182
        }
      },
      "total_params": 713319
    },
    {
      "n_samples": 500,
      "seed": 43,
      "n_train": 500,
      "n_test": 100,
      "n_epochs": 100,
      "time_s": 289.8,
      "best_val_loss": 1.588756,
      "metrics": {
        "formation_energy": {
          "mae": 0.36725175380706787,
          "rmse": 0.7378439844596484,
          "r2": 0.09068727493286133,
          "n": 100,
          "mae_phys": 0.22079175438880919,
          "rmse_phys": 0.44359180345714055
        },