{
  "formation_energy": {
    "mean": -1.4733816357710796,
    "std": 0.6011951235288463,
    "min": -3.2333337924472567,
    "max": 2.9410645292592594
  },
  "energy_above_hull": {
    "mean": 0.09738727892659621,
    "std": 0.3086787855693036,
    "min": 0.0,
    "max": 5.0830701835019845
  },
  "band_gap": {
    "mean": 1.7154147071130408,
    "std": 1.6920740398847178,
    "min": 0.0,
    "max": 6.5704
  }
}