{
  "formation_energy": {
    "mean": -2.21874048450316,
    "std": 0.8012883125250801,
    "min": -4.452467351363636,
    "max": 3.625923232287356
  },
  "energy_above_hull": {
    "mean": 0.14821750638100284,
    "std": 0.2898500550720774,
    "min": 0.0,
    "max": 6.0527992600000005
  },
  "band_gap": {
    "mean": 1.875602836279234,
    "std": 1.9194224539861398,
    "min": 0.0,
    "max": 8.758099999999999
  }
}