{
  "overall": {
    "formation_energy": {
      "mae": 0.8188948631286621,
      "r2": -1.0212295055389404,
      "n": 355
    },
    "energy_above_hull": {
      "mae": 0.21384020149707794,
      "r2": 0.010898053646087646,
      "n": 355
    },
    "band_gap": {
      "mae": 1.9009803533554077,
      "r2": -1.5566060543060303,
      "n": 355
    }
  },
  "holdout_family": {
    "formation_energy": {
      "mae": 0.5338431000709534,
      "r2": -1.2008438110351562,
      "n": 91
    },
    "energy_above_hull": {
      "mae": 0.1972358375787735,
      "r2": -1.2139356136322021,
      "n": 91
    },
    "band_gap": {
      "mae": 1.6248230934143066,
      "r2": -1.1239781379699707,
      "n": 91
    }
  }
}